FID,KID
3.3858782426447647,-0.03850674629211426
