FID,KID
3.860254465454375,-0.03861641883850098
